insert into Employee (Name, Store_number, Salary)
values ('A', 1, 2300)
insert into Employee (Name, Store_number, Salary)
values ('B', 2, 1800)
insert into Employee (Name, Store_number, Salary)
values ('C', 3, 2100)
insert into Employee (Name, Store_number, Salary)
values ('D', 3, 1800)
insert into Employee (Name, Store_number, Salary)
values ('E', 4, 1900)
insert into Employee (Name, Store_number, Salary)
values ('F', 5, 2000)
insert into Employee (Name, Store_number, Salary)
values ('G', 6, 2000)

insert into Product (Code, Name, Price, Quantity)
values ('A1', 'Ananas', 12, 200)
insert into Product (Code, Name, Price, Quantity)
values ('B2', 'abc', 9, 130)
insert into Product (Code, Name, Price)
values ('C3', 'etwas', 2)
insert into Product (Code, Name, Price, Quantity)
values ('D4', 'Schokolade', 5, 250)
insert into Product (Code, Name, Price, Quantity)
values ('E5', 'Kase', 23, 90)
insert into Product (Code, Name, Price, Quantity)
values ('F6', 'Apfel', 15, 87)
insert into Product (Code, Name, Price, Quantity)
values ('G7', 'Tomaten', 7, 98)
insert into Product (Code, Name, Price, Quantity)
values ('H8', 'Zucker', 3, 76)
insert into Product (Code, Name, Price, Quantity)
values ('I9', 'Popcorn', 11, 110)
insert into Product (Code, Name, Price, Quantity)
values ('J10', 'Kekse', 14, 80)

insert into Task (Employee_name, Store_number, Product_code)
values ('A', 1, 'H8')
insert into Task (Employee_name, Store_number, Product_code)
values ('B', 2, 'A1')
insert into Task (Employee_name, Store_number, Product_code)
values ('C', 3, 'F6')
insert into Task (Employee_name, Store_number, Product_code)
values ('D', 3, 'D4')
insert into Task (Employee_name, Store_number, Product_code)
values ('E', 4, 'B2')
insert into Task (Employee_name, Store_number, Product_code)
values ('F', 5, 'J10')
insert into Task (Employee_name, Store_number, Product_code)
values ('A', 1, 'E5')
insert into Task (Employee_name, Store_number, Product_code)
values ('B', 2, 'G7')
insert into Task (Employee_name, Store_number, Product_code)
values ('C', 3, 'I9')
insert into Task (Employee_name, Store_number, Product_code)
values ('D', 3, 'A1')
insert into Task (Employee_name, Store_number, Product_code)
values ('E', 4, 'F6')
insert into Task (Employee_name, Store_number, Product_code)
values ('F', 5, 'G7')